Date,AveragePrice,Delta,TotalVolume,sales_delta
2015-01-04,0.93,,5777334.9,
2015-01-11,0.92,-0.010752688172043001,6024932.34,0.04285668812448451
2015-01-18,1.02,0.10869565217391308,5570915.26,-0.07535637819295415
2015-01-25,1.06,0.03921568627450989,4929884.26,-0.11506744764234667
2015-02-01,0.85,-0.19811320754716988,9032180.67,0.8321283408791427
2015-02-08,0.91,0.07058823529411762,5871224.58,-0.34996599442468856
2015-02-15,0.96,0.05494505494505497,5699944.93,-0.02917273009509036
2015-02-22,0.96,0.0,5951871.32,0.04419803929579369
2015-03-01,0.84,-0.125,6700134.25,0.12571893607404117
2015-03-08,0.96,0.1428571428571428,5990243.89,-0.10595166208796492
2015-03-15,1.06,0.10416666666666674,5557163.11,-0.07229768736511322
2015-03-22,1.06,0.0,5571812.77,0.0026361759966406773
2015-03-29,1.1,0.037735849056603765,5341821.67,-0.04127760739526787
2015-04-05,1.12,0.0181818181818183,5467155.55,0.023462760036315533
2015-04-12,1.06,-0.0535714285714286,5636644.51,0.031001305605800722
2015-04-19,1.05,-0.009433962264150941,5871080.81,0.04159146449347384
2015-04-26,1.15,0.09523809523809512,4923565.04,-0.16138694061000325
2015-05-03,0.88,-0.23478260869565215,8567534.49,0.7401079137567359
2015-05-10,0.93,0.05681818181818188,6650357.96,-0.22377225702887138
2015-05-17,1.08,0.16129032258064524,5289138.5,-0.20468363781127952
2015-05-24,1.1,0.0185185185185186,5621713.64,0.06287888660884944
2015-05-31,0.98,-0.10909090909090913,6236903.31,0.10943098659859873
2015-06-07,0.98,0.0,6374842.9,0.022116679246707793
2015-06-14,0.97,-0.010204081632653073,6741662.31,0.05754171761628801
2015-06-21,1.07,0.10309278350515472,5952597.29,-0.11704309467259566
2015-06-28,1.1,0.028037383177570208,5641742.02,-0.05222178737376004
2015-07-05,1.12,0.0181818181818183,6718011.83,0.1907690578875496
2015-07-12,1.13,0.008928571428571175,5451636.92,-0.1885044179804608
2015-07-19,1.18,0.04424778761061954,5225200.52,-0.041535488023659584
2015-07-26,1.13,-0.0423728813559322,5557616.27,0.06361779777209398
2015-08-02,1.16,0.026548672566371723,5428238.87,-0.02327929704293874
2015-08-09,1.1,-0.051724137931034364,6232081.27,0.14808530340154302
2015-08-16,1.11,0.009090909090909038,5616434.08,-0.09878677175851391
2015-08-23,1.18,0.06306306306306286,5193221.0,-0.07535263015140736
2015-08-30,1.08,-0.08474576271186429,5647385.15,0.0874532684050997
2015-09-06,1.09,0.0092592592592593,5806392.78,0.028155974097144654
2015-09-13,1.13,0.0366972477064218,5106508.12,-0.12053691276462353
2015-09-20,1.14,0.008849557522123908,4759791.13,-0.06789707993257832
2015-09-27,1.04,-0.08771929824561397,5216784.63,0.0960112508130162
2015-10-04,1.02,-0.019230769230769273,4943781.29,-0.05233172526043117
2015-10-11,1.08,0.05882352941176472,5063309.38,0.024177463157962542
2015-10-18,1.07,-0.0092592592592593,4999031.79,-0.0126947782914264
2015-10-25,1.12,0.04672897196261694,4592461.81,-0.08132974485445321
2015-11-01,0.95,-0.1517857142857144,5830427.96,0.2695648219228197
2015-11-08,0.98,0.03157894736842115,5148983.51,-0.11687726092751516
2015-11-15,0.83,-0.15306122448979598,5755190.69,0.11773336986274408
2015-11-22,0.92,0.10843373493975905,4804278.16,-0.16522693707651936
2015-11-29,0.91,-0.010869565217391353,4575710.62,-0.047575833952129054
2015-12-06,0.78,-0.1428571428571429,5775536.27,0.2622162434738933
2015-12-13,0.87,0.11538461538461542,5259354.3,-0.089373859996554
2015-12-20,0.94,0.08045977011494254,4695737.21,-0.1071646932019773
2015-12-27,0.9,-0.04255319148936165,5040365.47,0.07339172628018509
2016-01-03,0.73,-0.18888888888888888,7730431.28,0.5337045152799209
2016-01-10,0.87,0.19178082191780832,6303406.82,-0.1845982983759219
2016-01-17,0.9,0.034482758620689724,6000013.23,-0.04813168476408125
2016-01-24,0.88,-0.022222222222222254,6246380.73,0.041061159460143326
2016-01-31,0.88,0.0,6506673.96,0.04167104780370945
2016-02-07,0.7,-0.20454545454545459,10361698.17,0.5924723189910688
2016-02-14,0.82,0.17142857142857149,6807283.15,-0.343034024122708
2016-02-21,0.89,0.08536585365853666,6374019.03,-0.06364714239924041
2016-02-28,0.89,0.0,6588277.7,0.0336143756382854
2016-03-06,0.92,0.03370786516853941,6429870.23,-0.024043836221414816
2016-03-13,0.96,0.04347826086956519,6017563.88,-0.06412358807434293
2016-03-20,0.91,-0.05208333333333326,6476206.54,0.07621733132312003
2016-03-27,0.93,0.0219780219780219,6603707.93,0.01968766579825587
2016-04-03,0.93,0.0,6060843.76,-0.08220596303689043
2016-04-10,0.94,0.010752688172043001,6509000.56,0.0739429719270639
2016-04-17,0.93,-0.010638297872340274,6397813.48,-0.01708205107298366
2016-04-24,0.84,-0.09677419354838723,6933382.4,0.08371124317303469
2016-05-01,0.75,-0.1071428571428571,7661483.37,0.1050138198060444
2016-05-08,0.79,0.053333333333333455,7808461.74,0.019184061741297054
2016-05-15,0.97,0.22784810126582267,6068872.71,-0.22278255153491988
2016-05-22,0.9,-0.07216494845360821,6501981.08,0.07136553865866135
2016-05-29,0.98,0.0888888888888888,6700986.44,0.03060688081854579
2016-06-05,0.94,-0.04081632653061229,7365675.31,0.0991926899049207
2016-06-12,1.01,0.07446808510638303,6506234.86,-0.1166818266932268
2016-06-19,1.06,0.04950495049504955,6528056.18,0.003353909053323001
2016-06-26,1.03,-0.028301886792452824,6407277.49,-0.018501478337461186
2016-07-03,1.1,0.06796116504854366,7087455.16,0.1061570489278123
2016-07-10,1.08,-0.018181818181818188,6721690.88,-0.0516072795866549
2016-07-17,1.14,0.05555555555555536,6200613.68,-0.07752174405259171
2016-07-24,1.2,0.05263157894736836,6104047.38,-0.015573668185694722
2016-07-31,1.22,0.016666666666666607,5947160.29,-0.025702141584621807
2016-08-07,1.17,-0.040983606557377095,6144827.51,0.03323724439248288
2016-08-14,1.07,-0.08547008547008539,6538335.89,0.06403896274706011
2016-08-21,1.05,-0.01869158878504673,6308000.34,-0.0352284669792331
2016-08-28,0.99,-0.05714285714285716,6696300.05,0.06155670403784419
2016-09-04,1.08,0.09090909090909105,6681646.14,-0.0021883592268241436
2016-09-11,1.12,0.03703703703703698,6059764.51,-0.09307311655986616
2016-09-18,1.22,0.08928571428571419,5471565.28,-0.0970663511806995
2016-09-25,1.15,-0.05737704918032793,6075588.68,0.11039316339839034
2016-10-02,1.19,0.034782608695652195,5652496.31,-0.06963808649403169
2016-10-09,1.34,0.12605042016806745,5375978.5,-0.04891959142207736
2016-10-16,1.4,0.04477611940298498,4878037.64,-0.09262329825165783
2016-10-23,1.39,-0.0071428571428571175,3899040.66,-0.2006948392468738
2016-10-30,1.68,0.2086330935251799,3139833.5,-0.19471639980281719
2016-11-06,1.68,0.0,3395058.42,0.08128613189202549
2016-11-13,1.48,-0.11904761904761907,3848128.2,0.1334497743340748
2016-11-20,1.32,-0.108108108108108,4253815.59,0.10542460357739625
2016-11-27,1.21,-0.08333333333333337,4185900.67,-0.01596564744359308
2016-12-04,0.98,-0.1900826446280992,5062952.53,0.20952524418120033
2016-12-11,0.9,-0.08163265306122447,5526646.12,0.09158560884235656
2016-12-18,0.95,0.05555555555555558,4922621.54,-0.1092931530054253
2016-12-25,0.94,-0.010526315789473717,5414937.46,0.10001092222905283
2017-01-01,0.89,-0.05319148936170204,7175276.66,0.32508947942678557
2017-01-08,1.0,0.12359550561797761,6653048.21,-0.0727816465825305
2017-01-15,0.93,-0.06999999999999995,6656554.36,0.0005269990370324606
2017-01-22,0.76,-0.18279569892473124,8153340.48,0.22485899446632018
2017-01-29,0.76,0.0,8055482.07,-0.012002247451832204
2017-02-05,0.67,-0.11842105263157887,11213596.29,0.39204534161417337
2017-02-12,0.79,0.17910447761194037,6862176.64,-0.3880485383516513
2017-02-19,0.95,0.20253164556962022,6194368.66,-0.0973172238247717
2017-02-26,0.95,0.0,6342089.92,0.02384767005456201
2017-03-05,1.15,0.21052631578947367,5634150.07,-0.11162564059009739
2017-03-12,1.31,0.13913043478260878,5208101.86,-0.07561889632094942
2017-03-19,1.31,0.0,5328958.01,0.02320541211534599
2017-03-26,1.33,0.01526717557251911,5073070.91,-0.04801822411057044
2017-04-02,1.22,-0.08270676691729328,5719811.06,0.12748494185743597
2017-04-09,1.13,-0.07377049180327877,6249182.98,0.092550595543623
2017-04-16,1.34,0.18584070796460206,5442086.44,-0.12915232960581358
2017-04-23,1.26,-0.059701492537313494,5637299.78,0.0358710472816377
2017-04-30,1.25,-0.007936507936507908,5889669.2,0.044767784196142246
2017-05-07,1.08,-0.1359999999999999,7872203.23,0.3366121190643441
2017-05-14,1.17,0.08333333333333326,6370622.3,-0.1907446855891195
2017-05-21,1.35,0.15384615384615397,5599003.03,-0.12112149075295198
2017-05-28,1.32,-0.022222222222222254,6160751.92,0.10033016360057223
2017-06-04,1.2,-0.09090909090909094,6507093.57,0.056217431654024486
2017-06-11,1.22,0.016666666666666607,6177216.24,-0.05069503403498776
2017-06-18,1.2,-0.016393442622950838,6599048.85,0.06828846419014134
2017-06-25,1.15,-0.04166666666666674,6999255.87,0.06064616721241589
2017-07-02,1.28,0.11304347826086958,6607292.61,-0.056000704543467394
2017-07-09,1.28,0.0,6499668.48,-0.01628868832554997
2017-07-16,1.49,0.1640625,5405190.35,-0.16838983916915107
2017-07-23,1.46,-0.020134228187919434,5188483.1,-0.040092436337602844
2017-07-30,1.38,-0.0547945205479452,5571000.96,0.0737244108976669
2017-08-06,1.36,-0.014492753623188248,5655955.05,0.015249340398605815
2017-08-13,1.26,-0.07352941176470595,5862368.39,0.03649486924405454
2017-08-20,1.64,0.3015873015873014,4524974.68,-0.22813198028996606
2017-08-27,1.78,0.08536585365853666,4360013.67,-0.03645567581385889
2017-09-03,1.65,-0.0730337078651686,4648718.22,0.06621643229847951
2017-09-10,1.71,0.036363636363636376,4380657.13,-0.057663441257147174
2017-09-17,1.72,0.005847953216374213,4167531.38,-0.0486515478557894
2017-09-24,1.74,0.011627906976744207,3937000.67,-0.05531589062683917
2017-10-01,1.77,0.01724137931034475,3870633.16,-0.016857378385968014
2017-10-08,1.74,-0.016949152542372947,4151444.41,0.07254917694137664
2017-10-15,1.68,-0.034482758620689724,4066640.98,-0.020427451658927565
2017-10-22,1.53,-0.08928571428571419,4420877.4,0.08710786660100012
2017-10-29,1.2,-0.21568627450980393,5714676.89,0.2926567223963277
2017-11-05,1.15,-0.04166666666666674,5663438.53,-0.008966099218953305
2017-11-12,1.15,0.0,5637795.0,-0.004527908242344836
2017-11-19,1.26,0.09565217391304359,4782021.0,-0.15179232306247392
2017-11-26,1.3,0.031746031746031855,4392810.0,-0.08139048322874365
2017-12-03,1.09,-0.16153846153846152,5544556.0,0.2621888950352964
2017-12-10,1.06,-0.02752293577981657,5715712.21,0.030869236418569868
2017-12-17,0.98,-0.07547169811320764,6205211.05,0.0856409178795936
2017-12-24,1.13,0.15306122448979576,5346535.57,-0.13837973810737658
2017-12-31,0.93,-0.1769911504424777,7132711.23,0.33408094580393866
2018-01-08,1.24747649,0.341372569892473,4929676.48,-0.30886358342029774
2018-01-14,1.319025064,0.057354647220646315,4889152.23,-0.008220468455568897
2018-01-21,1.183183738,-0.10298615978384473,5709134.51,0.1677146141960073
2018-01-28,1.212837829,0.025062963635830382,5246931.58,-0.08095849365440855
2018-02-04,0.839505811,-0.3078169307332843,9332606.77,0.7786789531568468
2018-02-11,1.029044619,0.22577426566496994,5738693.93,-0.3850920679046247
2018-02-18,1.16171981,0.12893045505541867,5420898.38,-0.055377678941661124
2018-02-25,1.085612038,-0.0655130190127341,5678346.88,0.04749185134143752
2018-03-04,1.184387544,0.09098600839206972,5256984.76,-0.07420506864138599
2018-03-11,1.174215832,-0.008588161916704529,5428273.77,0.03258312850806133
2018-03-18,1.078376646,-0.08161973581701809,5797913.67,0.06809529431674188
2018-03-25,1.100532718,0.020545763933393024,5700267.54,-0.016841597781154904
2018-04-01,1.27511141,0.1586310785173768,5211094.15,-0.08581586505674776
2018-04-08,0.985769293,-0.22691516578931714,6765402.44,0.29826908615727077
2018-04-15,1.118076299,0.13421700892847754,5660741.52,-0.16328088828371323
2018-04-22,1.119337622,0.0011281188959360033,6024360.53,0.06423522584723163
2018-04-29,1.216300784,0.08662548286972527,5541545.39,-0.0801437990963002
2018-05-06,0.901777592,-0.258589977197614,8620875.15,0.5556806889206047
2018-05-13,1.09838083,0.21801743550088126,5842295.75,-0.32230827516392
2018-05-20,1.1999695,0.0924894783533321,5325553.74,-0.08844845110759747
2018-05-27,1.208852776,0.007402918157503269,5615955.71,0.05452991072436353
2018-06-03,1.147953176,-0.05037801228493033,6154591.26,0.0959116449299775
2018-06-10,1.125722388,-0.01936558778247577,6090580.08,-0.010400557453103643
2018-06-17,1.191990575,0.05886725511227908,5842600.72,-0.04071522855668619
2018-06-24,1.173780804,-0.015276774315098884,5683820.87,-0.027176228123286794
2018-07-01,1.139476481,-0.029225493280430226,6185767.1,0.0883114090821091
2018-07-08,1.066036513,-0.06445062203964869,7160001.35,0.15749610909211254
2018-07-15,1.193269894,0.11935180404088075,5750933.81,-0.19679710535250106
2018-07-22,1.199994992,0.005635856593562805,5858490.19,0.01870242008575662
2018-07-29,1.248361993,0.040306002377050065,5591815.92,-0.04551928250305737
2018-08-05,1.29853329,0.04018970241110176,5408405.91,-0.03279972242004703
2018-08-12,1.278350466,-0.0155427851988299,5642783.3,0.043335761756831515
2018-08-19,1.372536296,0.07367762793149413,5045470.75,-0.105854242178678
2018-08-26,1.356122827,-0.011958495413078696,4970576.41,-0.014843875568994247
2018-09-02,1.568508806,0.1566126421379086,4734642.18,-0.04746617103105766
2018-09-09,1.380840755,-0.11964743218661922,5297342.09,0.1188473993614445
2018-09-16,1.469620976,0.06429432262810075,4657207.68,-0.12084067804652576
2018-09-23,1.257021944,-0.14466249153482424,5182245.58,0.1127366302032724
2018-09-30,1.243629292,-0.010654270646527242,5127109.83,-0.010639354918413613
2018-10-07,1.196836381,-0.03762609267971473,5335885.26,0.040719905935777456
2018-10-14,1.19975555,0.0024390710763326773,5059669.88,-0.05176561461518381
2018-10-21,1.352928873,0.12767044336656763,4530864.63,-0.10451378499816277
2018-10-28,1.154167862,-0.1469116484736297,5324454.06,0.17515187382678432
2018-11-04,1.159967661,0.005025091402172555,5017480.94,-0.05765344513086079
2018-11-11,1.080684524,-0.06834943737280619,5704938.46,0.137012482602475
2018-11-18,1.404186313,0.2993489606037887,3995941.77,-0.29956443912280173
2018-11-25,1.664670935,0.185505740647395,2863671.81,-0.2833549699098843
2018-12-02,1.545517959,-0.07157749528437574,3560372.32,0.24328923013004045
2018-12-09,1.290947926,-0.16471502742337274,4330673.48,0.2163541031012175
2018-12-16,1.234104669,-0.044032184300515476,4844670.45,0.11868753725575254
2018-12-23,1.180528027,-0.043413369502453336,4898022.99,0.011012625224074757
2018-12-30,0.990160521,-0.16125623589282223,5948276.07,0.2144238771733491
2019-01-07,1.107862528,0.11887164202540457,6134075.67,0.031235873690711236
2019-01-13,0.999307798,-0.0979857403390757,6685979.82,0.08997348250840864
2019-01-20,1.110812338,0.1115817771292924,6072406.1,-0.09177020220201626
2019-01-27,1.190012404,0.07129923146388384,5681421.16,-0.06438715289479724
2019-02-03,0.778884258,-0.3454822358305434,9849812.43,0.7336881305944232
2019-02-10,1.037320591,0.3318032561906008,5723405.99,-0.41893248925553395
2019-02-17,1.075305027,0.03661783669345864,5286622.51,-0.07631530608926806
2019-02-24,1.013099783,-0.057848928850957604,6480371.44,0.2258055928415439
2019-03-03,1.184644486,0.16932656178448724,5655055.36,-0.12735629240412805
2019-03-10,1.164348545,-0.01713251632861612,5951947.14,0.05250024289771038
2019-03-17,1.063320179,-0.08676814724752369,6749227.77,0.13395290839226104
2019-03-24,1.097583464,0.03222292370320945,6139692.13,-0.09031190838000114
2019-03-31,1.197694347,0.09121026899873197,5789226.29,-0.05708198922345642
2019-04-07,1.01192318,-0.15510732555874718,7027893.52,0.21396075536719072
2019-04-14,1.028267407,0.016151647993674745,7176654.08,0.02116716190657386
2019-04-21,1.493811213,0.452745854658797,5315891.75,-0.25927992477519557
2019-04-28,1.654785402,0.10776073147604626,4750609.48,-0.10633818305273046
2019-05-05,1.369908675,-0.17215327537679104,6745964.11,0.42002076541976674
2019-05-12,1.48081127,0.08095619585736258,5345443.25,-0.2076087030946271
2019-05-19,1.560480022,0.05380074666773704,4872475.98,-0.08848045856627507
2019-05-26,1.621530654,0.03912298212043375,4960867.91,0.01814107044607738
2019-06-02,1.539756383,-0.050430296089857385,5454202.89,0.09944529645821576
2019-06-09,1.404795682,-0.08765068454338731,6188435.22,0.13461771496366182
2019-06-16,1.604034621,0.14182769889806646,5471656.08,-0.11582558668199161
2019-06-23,1.648157447,0.02750740253504791,5200368.92,-0.04958044804599637
2019-06-30,1.677008282,0.017504902248577592,5097119.77,-0.01985419719030246
2019-07-07,1.779343532,0.0610225072221795,5528806.59,0.08469230457184262
2019-07-14,1.754957831,-0.01370488641537937,5102300.4,-0.07714254117180097
2019-07-21,1.850312536,0.05433447078649478,4688993.45,-0.08100404084400836
2019-07-28,1.797066011,-0.028777043858281393,4722496.85,0.00714511554713293
2019-08-04,1.691585408,-0.058696009136194216,4970663.98,0.052549983172567094
2019-08-11,1.662320333,-0.017300382742483356,4943196.12,-0.005525994134892298
2019-08-18,1.60811319,-0.03260932440269915,5053982.49,0.02241189046733605
2019-08-25,1.551564461,-0.03516464472255221,5056503.02,0.0004987215537424206
2019-09-01,1.537319126,-0.009181271779593714,5456483.27,0.07910214795046233
2019-09-08,1.460842843,-0.04974652413190628,5396435.29,-0.011004886669431557
2019-09-15,1.385724408,-0.05142129788974159,5380996.08,-0.0028610016001877625
2019-09-22,1.354433815,-0.02258067536326458,5290857.35,-0.016751309359809174
2019-09-29,1.224609783,-0.0958511450040842,5631070.64,0.06430210975164541
2019-10-06,1.294774282,0.05729539317260213,5032063.16,-0.10637541567050912
2019-10-13,1.228833135,-0.05092868148272367,5396297.56,0.07238271627735271
2019-10-20,1.137152373,-0.07460798328814588,5571036.74,0.03238130923232485
2019-10-27,1.23370503,0.08490740492875015,5023157.47,-0.09834422129479625
2019-11-03,1.216868697,-0.01364696794662501,5201297.83,0.03546382152339733
2019-11-10,1.136724488,-0.06586101622762008,5548693.49,0.0667901880173627
2019-11-17,1.263646214,0.11165566268684102,4821055.91,-0.13113674080418525
2019-11-24,1.271441299,0.006168724215399601,4511081.21,-0.06429601850437783
2019-12-01,1.275331042,0.003059317801820116,4279907.32,-0.051245783269771694
2019-12-08,1.116195188,-0.1247800365232542,4967382.51,0.1606285226755797
2019-12-15,1.227042086,0.09930780851923893,4542176.13,-0.08559968537635321
2019-12-22,1.265103916,0.031019172393733196,4473988.72,-0.015012057667609713
2019-12-29,1.091579916,-0.1371618550898549,5380073.65,0.20252284632492334
2020-01-06,1.184136996,0.08479184954150454,5631757.81,0.0467808019691327
2020-01-12,1.175739947,-0.007091281691531615,5847376.98,0.038286300170284004
2020-01-19,1.11020385,-0.055740299687206285,6296963.67,0.07688690014988553
2020-01-26,1.300391252,0.17130854121970485,5104906.47,-0.18930666627142856
2020-02-02,0.906224787,-0.30311374703095906,9302670.59,0.8222999078766668
2020-02-09,1.170327372,0.29143165005924754,5672729.8,-0.39020416286717086
2020-02-16,1.155336992,-0.012808706656482371,5544948.53,-0.02252553435561122
2020-02-23,1.18051971,0.021796859422293924,6059758.38,0.09284303491992918
2020-03-01,1.349050474,0.14275980534031074,5113556.16,-0.15614520590835834
2020-03-08,1.325120012,-0.01773874474025061,5299653.76,0.036392990352920984
2020-03-15,1.410913913,0.06474424974573534,6405106.0,0.20858952113883
2020-03-22,1.471249699,0.04276361969647691,5371870.94,-0.1613142795763255
2020-03-29,1.457817779,-0.009129599149029222,5585511.06,0.03977015129108796
2020-04-05,1.369689992,-0.06045185363321037,6467170.72,0.15784762585359569
2020-04-12,1.45631333,0.0632430247033593,5756833.95,-0.10983733084442215
2020-04-19,1.314549959,-0.0973440042604018,6468066.33,0.12354575208826368
2020-04-26,1.41000829,0.07261673879067843,6169098.87,-0.04622207700829195
2020-05-03,1.119411457,-0.20609583295428702,8374642.36,0.3575146932277973
2020-05-10,1.32211526,0.18108069354877077,7001850.09,-0.16392249495416067
2020-05-17,1.365326737,0.0326835929569409,6501178.97,-0.07150554690039079
2020-05-24,1.336657574,-0.020998023566867308,6893788.51,0.06039051406086737
2020-05-31,1.254589714,-0.061397819154541344,7444423.98,0.07987414600857856
2020-06-07,1.30658599,0.04144484481242938,6964191.03,-0.06450908106391873
2020-06-14,1.259565054,-0.035987632164952266,6819778.56,-0.020736431464603355
2020-06-21,1.301494586,0.03328889751811093,6616897.69,-0.029748894075528387
2020-06-28,1.211614912,-0.06905881512441425,6857520.39,0.036364881440383856
2020-07-05,1.303597592,0.0759174215247691,7348045.17,0.07153092548077722
2020-07-12,1.219042925,-0.06486255230824323,6860918.43,-0.06629337854220085
2020-07-19,1.227887611,0.00725543442204879,6764395.07,-0.014068577113224734
2020-07-26,1.256507989,0.023308629994801544,6954076.76,0.028041190385410086
2020-08-02,1.335626568,0.06296703219767585,6439089.68,-0.07405542069397575
2020-08-09,1.284058992,-0.03860927690081695,6691538.58,0.039205681632935585
2020-08-16,1.184190685,-0.07777548198502093,6981014.88,0.043260050964243346
2020-08-23,1.16351947,-0.0174559851397581,7159925.12,0.025628113257939455
2020-08-30,1.18117321,0.015172706993893392,6790285.96,-0.05162612091675056
2020-09-06,1.212921162,0.026878320411618528,6956280.9,0.024445942479865757
2020-09-13,1.072633679,-0.11566084210178873,7195378.19,0.034371425397729416
2020-09-20,1.175004237,0.09543850804259524,6447651.08,-0.10391769414416285
2020-09-27,1.195477309,0.017423828234246486,6370024.65,-0.012039489891255029
2020-10-04,1.22866738,0.02776302883386661,6118464.85,-0.03949118156081244
2020-10-11,1.134560417,-0.07659270892338654,6566427.52,0.07321488003645227
2020-10-18,1.174512892,0.03521405682884837,6064504.98,-0.07643768829721265
2020-10-25,1.192516016,0.015328162102455467,5671136.93,-0.06486399983135982
2020-11-01,1.222131778,0.024834687000128364,5730513.11,0.01046989002961718
2020-11-08,1.09321481,-0.10548532516761044,6107358.66,0.06576122290731479
2020-11-15,1.214295865,0.11075687403100565,5492201.92,-0.10072386022274316
2020-11-22,1.109052067,-0.08667063854326806,5874385.05,0.06958650384070353
2020-11-29,1.241369734,0.11930699282489154,4516628.58,-0.2311316773489337
2020-12-06,1.043667853,-0.1592610771675218,6151404.18,0.361945989368911
2020-12-13,1.130373873,0.08307817448890975,5654914.26,-0.08071164005353981
2020-12-20,1.204143831,0.06526155616478957,5615031.44,-0.007052771831062121
2020-12-27,1.09236848,-0.09282558123241358,5757598.41,0.025390235392876104
2021-01-04,0.991030549,-0.09276899952294482,7261522.15,0.2612067797899784
2021-01-10,1.133327226,0.14358455159993255,6913269.84,-0.04795858262306618
2021-01-17,1.221774373,0.07804202084879575,6564907.82,-0.05039034032555567
2021-01-24,1.18407416,-0.03085693548099977,6555971.65,-0.0013612026619438389
2021-01-31,1.193617315,0.00805959231472464,6320461.03,-0.035923068703324845
2021-02-07,0.950597576,-0.20359937472924472,9086736.76,0.43766992896086254
2021-02-14,1.159434749,0.21969041187624483,6076395.06,-0.3312896344980065
2021-02-21,1.192972621,0.028926053862820655,6119428.37,0.007082046110412188
2021-02-28,1.153031187,-0.03348059569591744,6333693.0,0.035013830875186835
2021-03-07,1.2578154,0.09087717156431063,6129704.88,-0.0322068215178728
2021-03-14,1.194553006,-0.050295451939926905,6401275.07,0.04430395839872814
2021-03-21,1.287600856,0.07789344594391312,5875770.59,-0.08209371949391953
2021-03-28,1.25496222,-0.02534841123156273,6217134.06,0.058096800201997034
2021-04-04,1.441819191,0.14889449899137208,5744292.63,-0.07605456556617984
2021-04-11,1.361756444,-0.05552897859853767,5902693.04,0.027575268218882565
2021-04-18,1.412836305,0.0375102766908586,5886862.75,-0.002681875864579908
2021-04-25,1.420226307,0.005230614455366878,5670058.34,-0.03682851447487889
2021-05-02,1.150522457,-0.18990202383288202,6980342.7,0.2310883383256337
2021-05-09,1.315807039,0.1436604570335649,6184369.12,-0.11403073089806892
2021-05-16,1.320280635,0.0033998875727248024,5917100.8,-0.04321674770926354
2021-05-23,1.275761798,-0.033719222883247135,5936707.28,0.003313528138645161
2021-05-30,1.388782388,0.08859066808332194,5935418.7,-0.0002170529789031761
2021-06-06,1.273816381,-0.08278187280698723,6262807.64,0.05515852487373807
2021-06-13,1.327515637,0.04215619833515083,5961933.28,-0.048041449984563056
2021-06-20,1.317251452,-0.0077318750257403535,6509782.09,0.09189113401148297
2021-06-27,1.35779328,0.030777592188981684,5805434.37,-0.10819835599136007
2021-07-04,1.413462477,0.040999758814537435,6194388.22,0.06699823393232163
2021-07-11,1.206707033,-0.14627586325377917,6363798.46,0.027348986531554598
2021-07-18,1.199959122,-0.005592004368470405,6545351.35,0.02852901315796852
2021-07-25,1.324745302,0.10399202582169287,5751421.73,-0.12129671541620135
2021-08-01,1.279567984,-0.03410264443421285,6063190.3,0.05420721773431825
2021-08-08,1.228550238,-0.03987107104736698,6168481.78,0.017365689478689106
2021-08-15,1.368022964,0.11352626997741044,5711724.78,-0.07404690753581178
2021-08-22,1.278281052,-0.0655997116726762,5795558.96,0.014677559446412802
2021-08-29,1.308969395,0.024007508326893356,5800961.98,0.000932269007578368
2021-09-05,1.221680881,-0.0666849158837668,6827155.78,0.17690062502357584
2021-09-12,1.40896848,0.1533032086470052,5530353.21,-0.1899477046940915
2021-09-19,1.369312801,-0.028145185334451206,5582003.13,0.009339352847591353
2021-09-26,1.374619936,0.0038757652715466495,5583495.76,0.00026740042333162073
2021-10-03,1.404650322,0.02184631927235481,5342750.48,-0.043117303271669294
2021-10-10,1.35253528,-0.03710179051950557,5711161.96,0.06895539692132502
2021-10-17,1.219225361,-0.09856298831628263,6121452.61,0.07184013566304115
2021-10-24,1.192314553,-0.02207205399494616,5759682.58,-0.059098722647793256
2021-10-31,1.349447087,0.1317878185791126,5127369.92,-0.10978255332952747
2021-11-07,1.135806218,-0.15831733682493032,6029720.97,0.1759871169974021
2021-11-14,1.339934545,0.17972108601363557,5285283.58,-0.12346133323645314
2021-11-21,1.402693341,0.046837210245967764,4863668.2,-0.07977157206766183
2021-11-28,1.414120857,0.008146838418618962,4631404.37,-0.047754867406456736
2021-12-05,1.136318101,-0.1964490903481525,6044069.14,0.30501866326994875
2021-12-12,1.313130699,0.15560132135922022,5204440.83,-0.13891772091806343
2021-12-19,1.401197869,0.06706656851984838,4725195.95,-0.09208383679520094
2021-12-26,1.386713786,-0.010336929080784873,4989492.75,0.05593351107481581
2022-01-02,1.207330489,-0.12935855892616044,6306362.26,0.2639285346190752
2022-01-10,1.284474738,0.06389654672259315,6192657.77,-0.0180301234391822
2022-01-16,1.416480779,0.10277044545503555,5902997.43,-0.04677480183116911
2022-01-23,1.430474917,0.009879511397167917,5925586.77,0.003826757552899629
2022-01-30,1.300682776,-0.09073360144769327,6642946.33,0.1210613544015322
2022-02-06,1.426180855,0.09648630804964231,5920682.36,-0.1087264496987137
2022-02-13,1.265672208,-0.1125443848424118,8208635.81,0.3864340815608287
2022-02-20,1.411362937,0.11510936882324274,6091883.47,-0.257868955207065
2022-02-27,1.513894448,0.07264716134458049,5765503.14,-0.05357625956032941
2022-03-06,1.512860525,-0.0006829558040627459,5335710.42,-0.07454557036283216
2022-03-13,1.489680435,-0.015322027124741178,6054939.47,0.13479536807396686
2022-03-20,1.432447852,-0.03841936945355662,5499091.6,-0.09180073108146203
2022-03-27,1.520824713,0.06169638976847036,6102028.3,0.10964296357602055
2022-04-03,1.545265965,0.01607105131253861,5431455.85,-0.10989336938997807
2022-04-10,1.539157857,-0.003952787506065425,5743819.99,0.05751020511379101
2022-04-17,1.57743012,0.024865716551385697,5865912.41,0.021256310297426362
2022-04-24,1.511988843,-0.041486006999790326,5533312.16,-0.05670051421719069
2022-05-01,1.429758788,-0.05438535831841451,7073362.13,0.27832334874091025
2022-05-08,1.527510674,0.06836949478501819,6017846.48,-0.14922403668875917
2022-05-15,1.62519516,0.06395011678982221,5828178.6,-0.03151756706163111
2022-05-22,1.659915087,0.021363543194406143,5105801.48,-0.1239456045495928
2022-05-29,1.649752815,-0.0061221637658384065,5308609.97,0.039721185947871884
2022-06-05,1.629855356,-0.012060872889009144,5533738.18,0.0424081277909365
2022-06-12,1.667908563,0.02334759760117011,5312207.57,-0.040032723413018334
2022-06-19,1.657211112,-0.006413691516013897,5692982.95,0.07167931128112892
2022-06-26,1.647777234,-0.005692622944468817,5728529.99,0.006244009566197528
2022-07-03,1.660270622,0.007581964201357483,5652238.24,-0.013317858182322229
2022-07-10,1.592148225,-0.04103089947947047,5673339.96,0.0037333387419280495
2022-07-17,1.598525588,0.004005508343923214,6052901.12,0.06690259400566578
2022-07-24,1.525371218,-0.04576365279928185,5700814.59,-0.05816822760190743
2022-07-31,1.49821465,-0.017803251877013038,5990815.37,0.05087005995751914
2022-08-07,1.549227235,0.03404891615497152,6187768.78,0.03287589382010947
2022-08-14,1.452066421,-0.06271566352885605,5734786.81,-0.07320602726205949
2022-08-21,1.463589593,0.007935705855703468,5688244.51,-0.00811578556309045
2022-08-28,1.45362572,-0.006807832638093925,5970084.64,0.04954782261988244
2022-09-04,1.395390605,-0.04006197344939655,6462621.01,0.08250073486395326
2022-09-11,1.378161168,-0.012347393581598531,5779013.8,-0.10577863206618698
2022-09-18,1.402849104,0.01791367843851477,5898234.28,0.0206299005550048
2022-09-25,1.388442611,-0.010269453043040833,5380222.16,-0.08782494818093256
2022-10-02,1.321894017,-0.04793038867632404,5460832.85,0.014982780934086781
2022-10-09,1.362783395,0.030932417783989363,6100248.45,0.11709122354843737
2022-10-16,1.369754199,0.005115122495310542,5110132.41,-0.1623074942136168
2022-10-23,1.416690527,0.03426624136963152,5407902.98,0.058270617296979355
2022-10-30,1.247435656,-0.11947201437029176,5697173.8,0.053490386397427425
2022-11-06,1.312501114,0.05215937005411364,5621628.95,-0.013260057118145041
2022-11-13,1.284083248,-0.021651689051442657,5009389.56,-0.10890782644059083
2022-11-20,1.29514364,0.008613454008707722,4720672.77,-0.057635124308439756
2022-11-27,1.272109379,-0.01778510142705103,4641537.56,-0.01676354491311205
2022-12-04,1.277130531,0.0039471071300072325,5158452.04,0.11136707897285669
2022-12-11,1.256469975,-0.01617732526042015,4981668.93,-0.0342705735420582
2022-12-18,1.182548154,-0.0588329386860198,5153639.51,0.03452067618632371
2022-12-25,1.297932026,0.0975722397516845,5075496.95,-0.015162597199197547
2023-01-01,1.168053934,-0.10006540357915472,5978815.62,0.17797639894158546
2023-01-09,1.162430102,-0.004814702332058496,5997016.95,0.003044303614099464
2023-01-15,1.309500669,0.1265199230017875,5432486.87,-0.09413514830902725
2023-01-22,1.274838103,-0.026470063605595562,5696077.33,0.04852114074230607
2023-01-29,1.105017596,-0.13320946918700627,6199148.89,0.08831894843674815
2023-02-05,1.204475113,0.09000536947105786,5882831.11,-0.05102600140968694
2023-02-12,1.160223688,-0.036739177524209965,7253322.98,0.232964680503976
2023-02-19,1.243609299,0.07187028834391462,5595378.23,-0.22857726790486865
2023-02-26,1.150776311,-0.07464803300735057,5890268.14,0.052702408644857535
2023-03-05,1.216960486,0.057512632444169265,5870059.46,-0.003430859091586247
2023-03-12,1.144011509,-0.05994358719055404,6209320.31,0.05779513006840986
2023-03-19,1.130945245,-0.011421444537233372,6043604.01,-0.0266883155847375
2023-03-26,1.078527824,-0.04634832785383869,5921488.41,-0.02020575798777391
2023-04-02,1.220804243,0.13191724481648603,5860543.5,-0.010292160649521542
2023-04-09,1.158697122,-0.0508739393363985,6499559.99,0.10903706968474847
2023-04-16,1.23839635,0.06878348663059852,6103653.05,-0.060912883427359565
2023-04-23,1.163796103,-0.06023939508542642,6318898.87,0.03526508113038962
2023-04-30,1.258456921,0.08133797471566218,5926977.78,-0.06202363703915392
2023-05-07,1.074961843,-0.1458095823051221,7299893.08,0.23163834098261127
2023-05-14,1.262281534,0.1742570605829401,5781294.46,-0.20803025514998363
2023-05-21,1.208717861,-0.04243401456588203,6008870.73,0.03936424127409022
2023-05-28,1.184287988,-0.020211394063283428,6200095.97,0.0318238232427408
2023-06-04,1.225742731,0.03500393774153521,6073393.5,-0.020435565935280176
2023-06-11,1.245473212,0.016096755461811663,5980690.56,-0.015263779631601415
2023-06-18,1.287914039,0.03407606570023902,5828858.94,-0.02538697136673118
2023-06-25,1.226794024,-0.04745659504376287,5968982.26,0.02403957986329308
2023-07-02,1.314814284,0.0717481975605061,6254459.93,0.04782685851038204
2023-07-09,1.322317074,0.005706349627701446,5911588.7,-0.05482027766384612
2023-07-16,1.353647571,0.0236936341638736,5731314.1,-0.030495118850200176
2023-07-23,1.413994157,0.044580721964003756,5553965.33,-0.03094382316264943
2023-07-30,1.439336701,0.017922665291466133,5326079.77,-0.04103114557972953
2023-08-06,1.458457047,0.013284137051960077,5279731.15,-0.008702201619484762
2023-08-13,1.286317054,-0.11802883969335032,5715540.91,0.08254393029084439
2023-08-20,1.364964043,0.06114121612197798,6035596.56,0.05599743839468019
2023-08-27,1.211903857,-0.11213495826864062,5779542.05,-0.04242405990104814
2023-09-03,1.348491858,0.11270531091312463,5661034.83,-0.020504603820643452
2023-09-10,1.333397019,-0.011193867364084675,5771789.67,0.019564415928527312
2023-09-17,1.290938691,-0.031842225080000675,5762771.21,-0.0015625066947388966
2023-09-24,1.287649129,-0.002548193824333911,5452037.84,-0.05392082362402173
2023-10-01,1.1769934,-0.08593624342831363,5738600.1,0.052560577972804445
2023-10-08,1.188347534,0.00964672699099256,6055346.35,0.05519573493193919
2023-10-15,1.268793136,0.06769534980160108,5372314.59,-0.11279813251309723
2023-10-22,1.226422023,-0.03339481574875103,5331811.1,-0.007539299741566419
2023-10-29,1.190558813,-0.029242144488137667,5374502.02,0.008006832800209196
2023-11-05,1.150927478,-0.0332880111148276,5536527.88,0.030147139101828868
2023-11-12,1.271865259,0.10507854170808129,5146141.58,-0.0705110329905897
2023-11-19,1.265614712,-0.004914472626537769,4830054.67,-0.0614221169562148
2023-11-26,1.304916027,0.031053143288681806,4200357.0,-0.13037071276048307
2023-12-03,1.066006723,-0.18308404453369465,5845932.7,0.39177043760804153
